INSERT INTO airport (id, AIRPORT_CODE) VALUES (1, 'USA');
INSERT INTO airport (id, AIRPORT_CODE) VALUES (2, 'France');
INSERT INTO airport (id, AIRPORT_CODE) VALUES (3, 'Brazil');
INSERT INTO airport (id, AIRPORT_CODE) VALUES (4, 'Italy');
INSERT INTO airport (id, AIRPORT_CODE) VALUES (5, 'Canada');

INSERT INTO airline (id, AIRLINE_CODE) VALUES (1, 'THY');
INSERT INTO airline (id, AIRLINE_CODE) VALUES (2, 'PEGASUS');
INSERT INTO airline (id, AIRLINE_CODE) VALUES (3, 'AmericanAirlines');
INSERT INTO airline (id, AIRLINE_CODE) VALUES (4, 'SurfAir');
INSERT INTO airline (id, AIRLINE_CODE) VALUES (5, 'Emirates');


INSERT INTO flight (id, FLIGHT_NUMBER, FLIGHT_DATE, AIRLINE_ID, SOURCE_AIRPORT_ID, DEST_AIRPORT_ID) VALUES ('1', 'EWG7783', PARSEDATETIME('2020-08-07-00.00','yyyy-MM-dd-HH.mm'), 1, 2, 3);
INSERT INTO flight (id, FLIGHT_NUMBER, FLIGHT_DATE, AIRLINE_ID, SOURCE_AIRPORT_ID, DEST_AIRPORT_ID) VALUES ('2', 'RYR3718',PARSEDATETIME('2020-06-19-00.00','yyyy-MM-dd-HH.mm'), 1, 3, 2);
INSERT INTO flight (id, FLIGHT_NUMBER, FLIGHT_DATE, AIRLINE_ID, SOURCE_AIRPORT_ID, DEST_AIRPORT_ID) VALUES ('3', 'NSZ4488', CURRENT_TIMESTAMP , 3, 1, 5);
INSERT INTO flight (id, FLIGHT_NUMBER, FLIGHT_DATE, AIRLINE_ID, SOURCE_AIRPORT_ID, DEST_AIRPORT_ID) VALUES ('4', 'RYR1024', PARSEDATETIME('2020-08-07-00.00','yyyy-MM-dd-HH.mm'), 1, 3, 2);
INSERT INTO flight (id, FLIGHT_NUMBER, FLIGHT_DATE, AIRLINE_ID, SOURCE_AIRPORT_ID, DEST_AIRPORT_ID) VALUES ('5', 'LOT532',PARSEDATETIME('2020-08-07-00.00','yyyy-MM-dd-HH.mm'), 1, 3, 2);
